302U8RURJ0D7AJ3B0C9M5NZLDDFNVF,what year was ac milan founded \?,1899,founded on,1899
302U8RURJ0D7AJ3B0C9M5NZLDDFNVF,what position does he plays in \?,he is the goalkeeper,position,goalkeeper
3D1TUISJWJCFJ33KY6MP4T1LD7DIU6,when it was the las cup that germany won \?,in 2014,world cup champions,2014
31KSVEGZ354546V8JTVZ09N9LJ7RWI,who is the belgian coach \?,roberto martinez,coach,roberto martinez
3I01FDIL6NKPRGEWN8B87DQH3AI2D3,who is the coach for iceland \?,erik hamren is the coach,coach,erik hamren
3LG268AV39IBN69HYT1TE3GAFEZERN,what is the capacity of that stadium \?,99354,capacity,"99,354"
37YYO3NWHE2SK60KK553ZKHKT2LCCN,who coaches this team \?,aliou cisse,coach,aliou cisse
3TRB893CSKMZP1LTVATB9PALO90G70,who 's the captain of the liverpool coach now \?,i think it 's jurgen klopp,coach,jurgen klopp
30ZKOOGW2XIK4OTOKUKSCT85P29A1T,who is italy 's current manager \?,roberto mancini,coach,roberto mancini
3EN4YVUOUD43VIHLLTIC01FPK4IJXA,who is the current manager for ac milan \?,gennaro gattuso is the current coach of ac milan,coach,gennaro gattuso
3TKXBROM5UM65NSQM7IBXRSAWREJIA,how many world cups has brazil won \?,"brazil has won the world cup 5 times 2002 , 1994 , 1970 , 1962 , 1958",number of world cup champion,5
3DGDV62G7PLYGDHMSH237775GUNP25,who is the goal keeper of arsenal david ospina,cech is still arsenal 's number 1,has player,Petr Cech
3O4VWC1GEXIRFKA714BOTLQLD9IJ3B,have they ever won the world cup \?,"yes , twice once in 1978 and again in 1986",number of world cup champion,2
3P4ZBJFX2WF81GQZSYV5JK9RJUSWFP,whi is the head coach of switzerland \?,vladimir petkovic is the switzerland team manager,coach,vladimir petkovic
3J6BHNX0UA4TU89Z18VF3EO4V5MKNI,what is the closest sweden have come to winning the world cup \?,1958 runners up,world cup runners-up,1958
30P8I9JKOJX3KUX5WCD0B6ZZMSG5V8,who is bvb dortmund 's manager \?,lucien favre is borussia dortmund 's manager,coach,lucien favre
3YKP7CX6G3R3YKDIFO1X8EJOA6V7BJ,which famous players play for paris sg \?,"neymar , most famously",has player,neymar
3TY2U1TEB8M20YCW4P3B9S7A963JJM,who is iceland 's goalie \?,their goalie is hannes thor halldorsson,goalkeeper,hannes thor halldorsson
3IJ95K7NDYOOSMDGBHA05MWBQYSGNK,who is the head coach of the belgium team \?,roberto martinez montoliu is the coach of belgica,coach,roberto martinez
30QQTY5GMLWIUJMOFFISD4BCZR37U1,in what year was the fc porto team founded \?,i think its in the year 1893,founded on,1893
3J5XXLQDHNN06FA1ITP7W91F8WO3VF,who is germany 's coach \?,joachim low is the coach for germany,coach,joachim low
33KMQD9OFKQGW8AS27PH3CXSRG577Y,what is the color of their jersey \?,atletico 's home kit is red and white,jersey color,red and white
36FQTHX3Z43LX1CVDCY7VX796363B8,whos is the manager in bcn \?,ernesto valverde is the coach,coach,ernesto valverde
33KMQD9OFKQGW8AS27PH3CXTSF177V,is he the captain of uruguay national team \?,diego godin is the captain of uruguay national team with the most caps,captain,diego godin
3W0XM68YZQ7QG12AWLXH67B1UE3K1I,who is the head coach for sweden \?,janne andersson is the coach,coach,janne andersson
3X7837UUAEAQC3XPK69M0O26OZH6J2,what is the chelseas new coach \?,maurizio sarri,coach,maurizio sarri
3R6RZGK0XGO1MI7P7EIXM3XTIWGVYB,who is the current head coach for switzerland \?,vladimir petkovic,coach,vladimir petkovic
3F6045TU7E0OOAMEW1LLV4F4HWG99N,who is their goalkeeper \?,david ospina,goalkeeper,david ospina
3WGZLY9VCIY0DVGL3PK9H43JM1QD8A,has uruguay ever won the world cup \?,"uruguay have won 19 fifa titles , 2 world cups",number of world cup champion,2
3WGZLY9VCIY0DVGL3PK9H43JM1QD8A,when was the last time uruguay won the world cup \?,1950,world cup champions,1950
3D06DR5226VH0DFDDG3QWLW8ND4MAD,who is spain 's coach \?,spain 's coach is enrique,coach,luis enrique
3CRWSLD91LG62H9ENZ88XGGDCU8MOC,how many world cups did argentina win \?,argentina have won 2 world cups,number of world cup champion,2
3E24UO25Q024DEOM0J1R8KJRMUU6ON,who is their manager \?,joachim low,coach,joachim low
3IZVJEBJ6BWGCI2T2SC8OIQV6YWZ6H,dortmund was founded when \?,December 1909,founded on,1909
3SZYX62S5HC194W9EEAK5SJW0A957G,what was the year argentina won the world cup \?,1978 and 1986,world cup champions,1978
31KSVEGZ354546V8JTVZ09N9LJ8RWJ,what is the name of the swiss captain \?,stephan lichtsteiner,captain,stephan lichtsteiner
3O2Y2UIUCR6H6GWI3KC2V9FVVOOFKG,who is the goalkeeper for senegal \?,the goalkeeper of senegal is Abdoulaye Diallo,has player,Abdoulaye Diallo
3LN3BXKGC17EFGMU3I1N1593K9SWGO,how many wc win by senegal \?,0,number of world cup champion,0
3ZQA3IO31C396SNPUDPADOSAEJDO16,what is the name of sweden 's goalie \?,robin olsen is their goalie,goalkeeper,robin olsen
3RIHDBQ1NFAWA0NRJMDID7JD17SMHN,what are chelsea 's team colors \?,they play in blue,jersey color,blue
3BFF0DJK8YOPD4RR3DQT3ZL63R7STG,who is the bvb dortmund goal keeper \?,Roman Burki is the main keeper,has player,Roman Burki
3B623HUYJ526FKZ30FFYC3PJPENS8S,chelsea flag what i color \?,the chelsea team wears blue their logo looks like a lion,jersey color,blue
3KLL7H3EGEDF0NH0XEE9032QS03VHC,who is the nigeria coach \?,gernot rohr is the head coach of nigeria,coach,gernot rohr
30OITAWPBRFH3G4XUD9D8LDT18L9HB,who nis the head coach of paris sg,thomas tuchel is the head coach of paris sg,coach,thomas tuchel
3IHWR4LC7EPHL6W7V3LK81JWGGL8IG,who 's their current manager \?,sergio conceicao hes a hottie,coach,sergio conceicao
38O9DZ0A63ZQ67ZHDL3U17GPMOV26B,who is the goalkeeper for mexico \?,memo ochoa is the goalkeeper of mexico,goalkeeper,guillermo ochoa
362E9TQF2I2WEL2PE1X80E0U4ZYIG6,whats the name of sweden goal keeper,"they have three goalkeepers on their line up robin olsen , karl johan johnsson , and kristoffer nordfeldt",goalkeeper,robin olsen
3SU800BH874S01R3BERYDVS74HTUQK,whos is icelands national team manager \?,heimer hallgrimsson is the manager,goalkeeper,hannes thor halldorsson
3D5G8J4N5BG55W8VX8VYEM5D2V2VTP,who is the forward for the nigeria soccer team \?,there are a few but alex iwobi 's name was certainly a main one,has player,alex iwobi
301KG0KX9DX63WJY94UYYY5EU3EH2T,what is your goalkeeper,yann sommer,goalkeeper,yann sommer
3A3KKYU7P4TE7QIGELZIEATZFW7MWO,who 's liverpool 's coach \?,jurgen klopp is the coach for liverpool,coach,jurgen klopp
3909MD9T20TEKG487Y1ZXE2QBRSEFV,is modric the captain \?,"yes , luka modric is the captain of the crotian team",captain,luka modric
34R3P23QHTDSFCH5NOJ5M5L3YA8WHP,in what year did spain win the world cup \?,spain was the soccer world cup champion in 2010,world cup champions,2010
3NRZ1LDP7XIOMOKYHOBHUIHC13NPZE,who is the manager of arsenal \?,unai emery,coach,unai emery
3NRZ1LDP7XIOMOKYHOBHUIHC13NPZE,what color is their uniform \?,the arsenal uniform is white and red,jersey color,white and red
37G6BXQPLRXBB5UHLECT9D64GG3EQZ,how many goals has leonardo bonucci scored this season \?,i think it is 2,goals,2
3TZDZ3Y0JTI6Z5JJSO6SGYXMKJP194,who is a goalie for swiss team \?,"sommer , movogo , and burki were all goal keepers this year",goalkeeper,yann sommer
3TZDZ3Y0JTI6Z5JJSO6SGYXMKJP194,who is the striker of switzerland \?,breel embolo is one of the strikers of switzerland,forward,breel embolo
3FVBZG9CLKQZ7MGKUHQKFACZX5V0HT,who is liverpool 's current manager \?,jurgen klopp is a coach,coach,jurgen klopp
3EN4YVUOUD43VIHLLTIC01FPK4IXJO,who is the manager for the chelsea soccer team \?,maurizio sarri,coach,maurizio sarri
3MNJFORX8CGEOXBFWX8WTKWDYYS5FK,when did they last win the world cup \?,2014,world cup champions,2014
33Q5P9PUSQY5SZBUCJPBAII52K7ZC9,who is the head coach of fc porto \?,their head coach is sergio conceicao,coach,sergio conceicao
38B7Q9C28HH16RKGYUI9BUO3SU596A,who plays upfront for spain \?,"diego costa , alvaro morata iago aspa , rodrigo , isco , asensio",midfielder,rodri
31MCUE39BLYHOIK6TYQLW8Y5LH1G34,who is the juventus captain \?,giorgio chellini is the captain of juventus,captain,giorgio chellini
3TTPFEFXCUWULX2ZW661OBMQA8HH6B,what colour is the home kit \?,white,jersey color,white
3QTFNPMJC7UOJ38L19YPQTCH1ONZNT,who was your favorite bayern munich manager \?,niko kovac,coach,niko kovac
3W0XM68YZQ7QG12AWLXH67B1UE31KZ,does the andres guardado a captain of the mexico national team \?,"yes , currently andres guardado is the captain of the mexican national soccer team",captain,andres guardado
3GKAWYFRAQ5LJNF2P6MK3QY9DLCPDE,who is the coach of manchester united,jose mourinho is the manager on manchester united,coach,jose mourinho
3IKDQS3DQFCJX9MKCF1PANFF676CIQ,who currently manages the national team \?,gernot rohr is the current head coach,coach,gernot rohr
36AZSFEYZ5C59AEEXM4DESZRWO2BVF,do you know the date the team was founded \?,they were founded in 1909,founded on,1909
3E9VAUV7BXQHUU4RWJR1QGJFWNIYAF,"brazil have n't won a world cup in a long time , or did they \?",2002 was the last which was n't too long ago,world cup champions,2002
3GV1I4SEOA1W7TLPNRLZG3FXQ7H6LX,what color is liverpool 's home jersey \?,liverpool always play in red,jersey color,red
360ZO6N6J2V3VU58LAPQ0QLOHVMM9Y,is kroos or someone else their team captain \?,manuel neuer is captain when fit,captain,manuel neuer
3B9J25CZ26P8RNPGHRV3EPL2F59CSJ,what are bvb dortmund team colors \?,yellow and black,jersey color,yellow
39O0SQZVJOJQERU7BLNN8TOSSSY7RW,how many times has italy won the world cup \?,4,number of world cup champion,4
3VO4XFFP16YQ2QF7Y6YN33ENW6W7QV,what position does he play \?,he 's a midfielder,position,midfielder
3GV1I4SEOA1W7TLPNRLZG3FYSOM6L4,how many goals did he scored \?,he has scored 46 goals,goals,46
3GV1I4SEOA1W7TLPNRLZG3FYSOM6L4,who is the current goalkeeper \?,martin silva is the goalkeeper,goalkeeper,martin silva
386T3MLZLO76EBFRRDWE2XJ0UM508E,what color are the jerseys \?,i think new jerseys are white,jersey color,white
3KL228NDMWYNKGSDE4IKDUF7W3NGKF,is he the team captain \?,"\( 1 \) france , uruguay my favourites lothar matthaeus \( 2 \) diego godin",captain,diego godin
3QE4DGPGBSN26E3ATCV46DQBZHY4GE,what position does sigurdsson play \?,i think he 's a defender,position,defender
3E9ZFLPWOZ4707XF3BXCO00P7NUIXU,what year was the juventus team established \?,1897,founded on,1897
3MVY4USGB7ZZ4QBG91RPPSJXSASISQ,atletico madrid flag what i color \?,"blue , white and red",jersey color,red and white
3L1EFR8WWUHXPKDRZNLD501FKUC9FG,when did argentina last win the world cup \?,1986,world cup champions,1986
3L1EFR8WWUHXPKDRZNLD501FKUC9FG,who is the current head coach of the team \?,lionel scaloni is the interim head coach for argentina,coach,lionel scaloni
3UY4PIS8QSXRO7NDTYPXYZS5MZMN1I,and again who is the captain of juventus \?,giorgio chellini is the captain,captain,giorgio chellini
3J94SKDEKJ1HQDXJ5RD65KTSMLD5DA,name the 1st captain name \?,modric is the captain,captain,luka modric
3DW3BNF1GIUM7CG7UAK3NQ9RPHDV8X,who is their current captain \?,sergio ramos is the captain,captain,sergio ramos
37VE3DA4YVT0R9JUSXN9ZR8IO9RHBV,chelsea flag is what color \?,chelsea flag is mainly blue,jersey color,blue
3EQVJH0T41X0NVDBSJEUZLE4UGQHTK,who is sweden 's manager \?,janne andersson,coach,janne andersson
34KYK9TV2SKPHIXA3RZ835FKXK9BSB,do you know what their team colors are \?,in a sports channel its colors are black and yellow,jersey color,yellow
3N3WJQXELT28PS2O0P9WQQYMCJJL21,who is atletico madrid 's manager \?,diego simeone is their manager,coach,diego simeone
3N3WJQXELT28PS2O0P9WQQYMCJJL21,what are the team colors for atletico madrid \?,red and white,jersey color,red and white
3W5PY7V3UQJSVN7VQP4EJFMYMACYJV,who is the current manager \?,unai emery is now their manager,coach,unai emery
3AC6MFV69LUW97MAYB3CL9FMGB9ZHG,what 's his jersey number \?,he is currently wearing jersey no 1,jersey,1
39WSF6KUV3X8QTH161KPK8B54REOEN,how many times did italy win the world cup \?,i think they have won 4 times,number of world cup champion,4
39WSF6KUV3X8QTH161KPK8B54REOEN,who is their current coach \?,roberto mancini is the current coach,coach,roberto mancini
3CMV9YRYP4D8VO0W7AFOP7K2DV8LJQ,who is coaching them now,lucien favre is coaching them now,coach,lucien favre
3ABAOCJ4R9G9NTMU2C0CMLBDRVQMQK,who is the most popular player for liverpool \?,mohamed salah,has player,mohamed salah
33IXYHIZB6UUJMSWJ3MSDV812NLE29,what 's france s greatest win,they won the fifa world cup in 1998,world cup champions,1998
33IXYHIZB6UUJMSWJ3MSDV812NLE29,how many times has france won a world cup \?,2,number of world cup champion,2
3XD2A6FGFO66TPID57LCCZKU9K4S9G,when was chelsea founded \?,"chelsea football club was founded on march 10th , 1905",founded on,1905
3D0LPO3EACB6WYYS62WJRB3KL4MOY4,who is this new coach \?,unai emery is the current coach of arsenal,coach,unai emery
3ZQA3IO31C396SNPUDPADOSAEJF1OL,what is the name of the uruguayan central defender \?,central defender is mr diego godin,defender,diego godin
3ZQA3IO31C396SNPUDPADOSAEJF1OL,who is the captain of the uruguay team \?,godin is uruguay 's captain,captain,diego godin
391FPZIE4DYFN8S0SO444H06BKBUHG,who is portugals coach \?,fernando santos,coach,fernando santos
3SNR5F7R935YU76Y867K0BFIRJIIEO,italy has won the wrold cup 4 times what was the last year they won \?,italy has won the world cup 2006 in germany and it was the last time they have won so far,world cup champions,2006
3EN4YVUOUD43VIHLLTIC01FQL3GJX9,how many goals has ronaldo scored for portugal \?,ronaldo has scored 85 goals for portugal,goals,85
38G0E1M85NHK59NKXDL8JIRGM85VUD,who is the manager of fc porto \?,sergio conceicao,coach,sergio conceicao
3P7QK0GJ3UXSUHJSFQ05Y59KRSS2Z2,how many times italy won the wc \?,italy have won the wc 4 times the last time in 2006,number of world cup champion,4
3TCFMTM8HF0VZLYK7FRD6BP8EDF12C,who is swiss coach \?,vladimir petkovic is the coach,coach,vladimir petkovic
3GVPRXWRPI6DLSROLYTEU1N26VC7IQ,who is the captain \?,radamel falcao,captain,radamel falcao
3GV1I4SEOA1W7TLPNRLZG3FXRPO6L5,who was the goal keeper \?,roben olsea,goalkeeper,robin olsen
367O8HRHKHK5WJC1OCPLVR9ENSS4SY,when did they last win the world cup \?,the last time was in 2014,world cup champions,2014
3LN3BXKGC17EFGMU3I1N1592JAVGWA,who is the nigeria goal keeper \?,francis odinaka uzoho is the keeper,goalkeeper,francis uzoho
3HUR21WDDV1TQ7CK7TJFAOUDX8SYXK,and what is the capacity of that stadium \?,the capacity is 81360 people,capacity,"81,365"
379OL9DBSTQ3PBUM4DD1UL8VQ509YB,which player wears the jersey 11 \?,gareth bale,has player,gareth bale
3VGET1QSZ1BVMNBTAFXTVSWAL69W7L,who is the captain of the croatia \?,luka modric,captain,luka modric
3VGET1QSZ1BVMNBTAFXTVSWAL69W7L,who is the goalkeeper for croatia \?,lovre kalinic is the goalkeeper,goalkeeper,lovre kalinic
3XEIP58NL1ZYV350PWIAD18SWTNZLR,who is their manager presently \?,roberto martinez montoliu,coach,roberto martinez
3QREJ3J43493686EPVF0QMKFQAMKLG,how many world cups have brazil won \?,they have won 5 times,number of world cup champion,5
3RBI0I35XFFHA956N4CR3859PVJ3YG,i understand do you know their coach \?,i believe senegals coach is aliou cisse,coach,aliou cisse
38EHZ67RIN4IA4SGZGV0S77BKQAGMB,how many goals does aguero have for agentina \?,2,goals,2
3IH9TRB0FCBZA6CMWIC5TRWO2AFI16,who is the goal keeper of sweden soccer team,robin olsen is their no 1,goalkeeper,robin olsen
3CKVGCS3PHHOXVU05B2JJOJ16GC0SE,how many goals has chicharito scored for mexico \?,he has scored 50 for mexico,goals,50
3CZH926SIDQ4M07JNH5G6A5ZM1I4EW,"if atletico madrid could sign any one player , who do you think should play for them \?",luka modric,has player,rodrigo
3D4BBDG7ZI847641RCU26HDROO6C3O,who is fc porto manager \?,"sergio paulo marceneiro da conceicao is a former portuguese footballer who played mostly as a right winger , and is the current manager of fc porto",coach,sergio conceicao
3BAWBGQGYMBI7YBOK5SX9QDVDYAV7C,how many goals does belgium 's team have \?,in the last world cup they scored 16,goals,16
3VCK0Q0PO6QRHI2VXFLXKU9WKG00NZ,what are atletico madrid 's team colors \?,blue white and red,jersey color,red and white
3I4E7AFQ2LBWE181GJHFBYUJ78VJTS,which players want to tranfer off this team \?,modric was linked with a move to inter,has player,luka modric
302OLP89D0J4RR3M0R9CTPRWTZ1ACK,how many world cups has france won \?,france has one 2 world cups in 1998 and 2018,number of world cup champion,2
3INZSNUD8120R0ZV8HQNH0YU8HV9D4,who is atletico madrid 's coach right now \?,diego simeone is the current coach,coach,diego simeone
3L55D8AUFB95N91PGXNSWB93UGHCYN,how many times have france won the world cup \?,2 times in 1998 and 2018,number of world cup champion,2
379OL9DBSTQ3PBUM4DD1UL8VQ5ZY9Z,when is the last time the german soccer team has won a world cup \?,"i believe germany won last in 2014 , defeating argentina",world cup champions,2014
309D674SH0X9A18E6598O0B3CGJBCE,who is the manager of spain \?,luis enrique is the spain manager,coach,luis enrique
3H1C3QRA02V7H4KYGWBYP8HNEEZECJ,who 's the current manager for ac milan \?,gennaro gattuso,coach,gennaro gattuso
3BFNCI9LYL2YVP950VMRQVLCMEJ37P,who is chelsea 's coach \?,i believe it is now maurizio sarri,coach,maurizio sarri
37M4O367VKUKU73WIKC9OAGMVZ4M58,whos the coach \?,sergio conceicao,coach,sergio conceicao
36U4VBVNQPPSC263OTGYIL2C03VRUI,and what colour do they play in \?,they play home games in a black and white striped jersey,jersey color,black and white
3O4VWC1GEXIRFKA714BOTLQLD7IJ37,what year was the ac milan soccer club founded \?,the club was founded in 1899,founded on,1899
3TY2U1TEB8M20YCW4P3B9S7BA51JJL,what is the name of ac milan 's manager \?,gennaro gattuso is their manager,coach,gennaro gattuso
3M0556243TWIEMHL0X4IN1WZPJRFNJ,who 's your favorite player for psg \?,neymar for paris sg,has player,neymar
31HLTCK4BM710RMPD8WRF3QPD0RGVZ,who is captain \?,aron gunnarsson is the captain,captain,aron gunnarsson
31HLTCK4BM710RMPD8WRF3QPD0RGVZ,who is the goalkeeper \?,hannes halldorsson is the goalkeeper,goalkeeper,hannes thor halldorsson
3U18MJKL1VYBBAXB9VEHFVBXT5XCN4,who was the captain of croatia team \?,im pretty sure the current captain is luka modric but i do n't believe he will be playing a whole lot more of international play,captain,luka modric
335VBRURDKC5J6DV4C17NIGF8TWE92,what color is barcelonas home jersey,burgundy and blue,jersey color,burgundy and blue
335VBRURDKC5J6DV4C17NIGF8TWE92,what position does he plays in \?,he plays as a forward,position,forward
37VUR2VJ6B18X3QM48GJIOYUQ4S1CL,who is the goalkeeper for nigeria \?,the goalkeeper for nigeria national team is francis uzoho,goalkeeper,francis uzoho
351S7I5UGA8YJO3HJNV32ZORIQ9NJV,who is france 's starting striker \?,france 's starting striker at the world cup was olivier giroud,forward,olivier giroud
351S7I5UGA8YJO3HJNV32ZORIQ9NJV,when did france win their first world cup \?,1998,world cup champions,1998
3IJ95K7NDYOOSMDGBHA05MWCRXPGNI,what is the name of the sengalese player who plays for liverpool \?,sadio mane,defender,salif sane
3M4KL7H8KWZJHMHLUH3GWO6KUIH61Y,who is the current coach they have \?,the current coach is vladimir petkovic,coach,vladimir petkovic
38VTL6WC4BPKOOSA1N0KI53U58EY57,who is the coach of man united \?,jose mourinho,coach,jose mourinho
3OND0WXMHXRYYCVE2OPZ0ZE3R63EHR,who is france 's coach,didier deschamps is the current coach of france 's national team,coach,didier deschamps
3BVS8WK9Q170N4UEYF5UZ39XOM7BIJ,what colour do real madrid players wear \?,they wear white at home,jersey color,white
34O39PNDK7KDG3XXO2Z3DVAPCHLRBZ,name ac milan manager \?,gennaro gattuso,coach,gennaro gattuso
3GS542CVJWZ5NNK2TB84JOA2TQA59J,what position does he play in \?,he is a defender,position,defender
308KJXFUJSILD85XMD42IZR1IKXTAJ,how many world cup 's brazil won \?,"brazil has won 5 world cups in 2002 , 1994 , 1970 , 1962 , 1958",number of world cup champion,5
3CO05SML7WHCWGUNQM2ETEE5KESR0G,who is the captain of columbia \?,radamel falcao,captain,radamel falcao
35YHTYFL1HFVMRQU2OQ9XIQC9C7FVS,who is dortmunds star player \?,marco reus is the top player for dortmund,has player,marco reus
3Z3R5YC0P4ZG9ZM5XTQUW02RE1EFTL,who is sweden 's goalkeeper \?,looks like sweden 's goalkeeper is robin olsen,goalkeeper,robin olsen
3HEM8MA6HAOF8WJ7USS43P58W02PQK,who is croatia leading scorer \?,can we see luka modric back in the premier league \?,midfielder,luka modric
3XQ4XW3ODAOVT5XEKY6X2CCH4DS2SX,who is their coach \?,lionel scaloni is their coach,coach,lionel scaloni
3ABAOCJ4R9G9NTMU2C0CMLBDRVRMQL,who is croatias captain \?,luka modric,captain,luka modric
3YLTXLH3DGI2V3K4B25AUBD75D6PHO,whos icelands goal keeper \?,hannes thor halldorsson,goalkeeper,hannes thor halldorsson
3Y7LTZE0YUY1ETSUYAAB4O4B9KFZUK,which year was bvb dortmund founded \?,1909,founded on,1909
386T3MLZLO76EBFRRDWE2XJ1VL108B,who is the atletico madrid team captain \?,diego simeone is the new captian for atletico madrid,coach,diego simeone
3JUDR1D0D73JGPI1SUHS7CXFLQA2QA,who is the manager of chelsea \?,mauricio zarri,coach,maurizio sarri
3JUDR1D0D73JGPI1SUHS7CXFLQA2QA,what color are chelsea 's jerseys \?,they play in blue,jersey color,blue
3ZCC2DXSD8GIQC2UCP5HT21MZELYYP,when has spain won the world cup \?,2010 was the last time spain won,world cup champions,2010
3TL87MO8CN1SQME0OKO3A9SAJ6KLFF,whats the coaches name \? where did he come from \?,they got sergio conceicao who came from nantes in france,coach,sergio conceicao
3PGQRAZX03WLUQQLDJDSBGDLITPSY5,what is the liverpool soccer team 's home uniform colours \?,their colours are red and white,jersey color,red
3S8A4GJRD4FZ3YXJ1VN53CD0JMNV6B,whos currently managing their team \?,maurizio sarri,coach,maurizio sarri
3QX22DUVOPT1S1IBOBUMS8AL8N5MVE,what was the year that france won their first world cup \?,"it was 1998 , against brazil",world cup champions,1998
3P7QK0GJ3UXSUHJSFQ05Y59JQTUZ20,who is the manager of liverpool \?,jurgen klopp,coach,jurgen klopp
3P7QK0GJ3UXSUHJSFQ05Y59JQTUZ20,what colors does liverpool wear \?,they wear red,jersey color,red
3X2LT8FDHXUZM1GCKKPZ9SS4VRI8WM,who is brazils current manager \?,"adenor leonardo bacchi , commonly known as tite , is a brazilian professional football coach and former player who is the current manager of the brazil national team",coach,tite[1]
3I4E7AFQ2LBWE181GJHFBYUJ78UTJ1,who is the coach of ac milan \?,gennaro gattuso,coach,gennaro gattuso
3DTJ4WT8BERKPXV88AV606I9OVIEZG,who is their manager \?,sergio conceicao is,coach,sergio conceicao
322ZSN9Z5HW6BJPGDCUB5W51QA24TK,what colors does paris sg wear \?,"blue , white , red",jersey color,blue
322ZSN9Z5HW6BJPGDCUB5W51QA24TK,who is the coach for paris sg \?,thomas tuchel is paris sg 's current coach,coach,thomas tuchel
3GMLHYZ0LF9193IP2O8SQHVA4P7YUP,how many goals he scored for colombia \?,he has scored 22 goals,goals,22
37NXA7GVSUIHMJ0QOZT7SVVW8IHLVD,who is the captain of croatia \?,the captain of croatia is luka modri'c,captain,luka modric
3UYRNV2KIUB9Z77YSJYCD9FD05SN82,who is the captain of the swiss team \?,stephan lichtsteiner,captain,stephan lichtsteiner
3HO4MYYR130ZQJ8JW5D07QBG4GIU6O,who is the goalkeeper for portugal \?,rui patricio,goalkeeper,rui patricio
3MGHRFQY2M1LTH694HU81A72N160YQ,who is iceland 's starting goalkeeper \?,halldorsson,goalkeeper,hannes thor halldorsson
3QTFNPMJC7UOJ38L19YPQTCH1OLZNR,name a great player in liverpool \?,allison becker,has player,alisson
309D674SH0X9A18E6598O0B3CGJCBF,who is chelsea 's current manager \?,maurizio sarri is the manager,coach,maurizio sarri
3OND0WXMHXRYYCVE2OPZ0ZE4S51EHQ,who is the goal keeper \?,manuel neuer is the goalie,goalkeeper,manuel neuer
3JVP4ZJHDQ4Z3HR40Z85FMDEXIAI04,when was the last time uruguay entered into the world cup finals \?,"i think it may have been 1950 , the year they last won it",world cup champions,1950
3YLPJ8OXX9PDS0Y0IMV8UZQ736Q4X3,in which year nigeria did qualify for wc \?,1994 was the first year they qualified,world cup round of 16,1994
3YLPJ8OXX9PDS0Y0IMV8UZQ736Q4X3,who is the captain of the nigerian football team \?,john mikel obi is the captain,captain,john mikel obi
3SX4X51T81L50G0PQWI3OPLDIDKAOH,who is their coach \?,unai emery,coach,unai emery
39KV3A5D19J2F6UKQANSY3TOEUH7SK,which colors are their kit \?,yellow and black,jersey color,yellow
39KV3A5D19J2F6UKQANSY3TOEUH7SK,who is their current manager \?,lucien favre,coach,lucien favre
3A3KKYU7P4TE7QIGELZIEATZFW9WM0,how many world cup victories do they have \?,only one this century a total of 4 but,number of world cup champion,4
3A3KKYU7P4TE7QIGELZIEATZFW9WM0,when was that win \?,2006,world cup champions,2006
3N5YJ55YXHFNIV0DPHIQ90L8QTSANT,who was the coach for sweden \?,janne andersson,coach,janne andersson
362E9TQF2I2WEL2PE1X80E0U3HQGIV,what position does diego godin play \?,he is a central defender,position,defender
3DIIW4IV8Q7G2595J0V7RP3REUQ4I6,i like their players a lot what colors does real madrid wear \?,white,jersey color,white
3J94SKDEKJ1HQDXJ5RD65KTTNK95D7,in which year iceland qualify for wc \?,2018,"world cup group stage,",2018
3I01FDIL6NKPRGEWN8B87DQG2BM2D6,which players \?,"neymar , mbappe , thiago silva , most of their players are active in international duty",has player,thiago silva
30U1YOGZGB8IWFVUHNQEYV3K05LSDZ,who is the coach for sweden \?,andersson is the coach,coach,janne andersson
3G4VVJO6P0STXTLCHN8773TZXU9KPM,the team 's shirt is what color \?,it is blue,jersey color,blue
3XWUWJ18TM2KSUYKSNB3NWPW721UUR,what is the color of their jersey \?,they have an yellow color jersey \?,jersey color,yellow
3ZLW647WAM7R9OCZUJ5WU445CXT326,who is the coach for ac milan \?,gennaro gattuso is the coach at the start of this season,coach,gennaro gattuso
3ULIZ0H1VBHNYIH7PYTB4ISKYN651H,who is the captain of uruguay \?,diego godin is the captain,captain,diego godin
3OLZC0DJ8KRFWISK3WWU0F34REMIVV,how many world cups has france won \?,"france also won the world cup 2 times, 1998 and 2018",number of world cup champion,2
38EHZ67RIN4IA4SGZGV0S77BL6IGMG,who is the coach for senegal \?,cisse is the current coach,coach,aliou cisse
36FFXPMSTA0KA383W2SV5B8HV8BOH7,who is a forward for iceland \?,ruik gislason,midfielder,rurik gislason
3R0WOCG21NLYBSNY6SLEDWL8L25DUZ,who is chelsea 's manager at the moment \?,maurizio sarri is the manager for chelsea,coach,maurizio sarri
3OLZC0DJ8KRFWISK3WWU0F34RELIVU,when was the last time italy won the fifa world cup \?,italy has won the world cup 4 times the first time was in 1943 and the last time that they won was in 2006,number of world cup champion,4
3EFNPKWBMT0KDE9LFW1IBGBPE0E03N,who is the key player for bayern munich this year \?,robert lewandowski,has player,robert lewandowski
3P888QFVX46XNW76FSFPEP0IMV6QO4,who is portugal 's current manager \?,fernando santos,coach,fernando santos
3T8DUCXY0OI78PVSU7Q2M4GGB3IT96,what is the name of the dortmund coach \?,lucien favre is the current coach,coach,lucien favre
3JVP4ZJHDQ4Z3HR40Z85FMDFYH60IJ,name the captain of the colombia \?,radamel falcao,captain,radamel falcao
37SOB9Z0ST9XAAY74PN1903DHYO3LY,who is their manager \?,diego simeone,coach,diego simeone
3J9L0X0VDGYZ06ZMPCVD9ONFFX19WD,what 's the capacity of the wanda stadium \?,"i think that 67 , 703 spectators",capacity,"67,703"
3GV1I4SEOA1W7TLPNRLZG3FYSOLL6I,who is the coach for italy \?,roberto mancini,coach,roberto mancini
3ECKRY5B1R8W52XU4TLXLLG1GOOIZS,what is the main shirt color of this team \?,usually they play in a red shirt,jersey color,red
3ECKRY5B1R8W52XU4TLXLLG1GOOIZS,what is the color of their away game shirt \?,"red , white , blue , and grey",jersey color,red
3CZH926SIDQ4M07JNH5G6A50N0FE44,how many world cups have brazil won \?,they have won 5 world cups,number of world cup champion,5
3EKTG13IZVFYWW6HA7SG5ZCJHP4LMV,what color is paris sg \?,its colors are blue and red,jersey color,blue
3VLL1PIENR061O8X2OY25ICNSXNZO4,how far did belgium get in the 2018 world cup \?,belgium reached the semi finals in the 2018 world cup,world cup third place,2018
3HO4MYYR130ZQJ8JW5D07QBG4GJU6P,who 's the head coach of the senegal \?,aliou cisse is the current head coach,coach,aliou cisse
3J9L0X0VDGYZ06ZMPCVD9ONGGWXW9X,name the goalkeeper who save lionel messi penalty \?,hannes thor halldorsson is the goalkeeper to save the lionel messi penalty,goalkeeper,hannes thor halldorsson
3VO4XFFP16YQ2QF7Y6YN33ENW6Y7QX,who is the colombian goal keeper \?,david ospina,goalkeeper,david ospina
3DZKABX2ZJHOJF6KBM08PC5AF8YVC3,who is the current captain \?,lionel messi is the captain,captain,lionel messi
3RDTX9JRTZDKARYLH4N1H8OYM6S799,who is switzerland 's starting goalie \?,"yann sommer , i think",goalkeeper,yann sommer
3KL228NDMWYNKGSDE4IKDUF7W3NKGJ,what position does modric play \?,modric is the midfielder on real madrid,position,defender
35O6H0UNLTSUTZXBFNZH8IO5R5AJ52,who is the current manager of italy \?,roberto mancini,coach,roberto mancini
3Q7TKIAPOUMVS204XETDM9PP8BCLDD,who is the coach of bvb dortmund \?,lucien favre,coach,lucien favre
3BCRDCM0OE6LNN372R9Y132I2PKK6H,what is the name of the liverpool coach \?,jurgen klopp,coach,jurgen klopp
3N7PQ0KLI61J44OFN30XW5DT81ME3L,who is the head coach for this atletico madrid \?,diego simeone,coach,diego simeone
3JMNNNO3B2GO0MEN43GYZ1F2AQO2WC,who is their current captain \?,andres guardado is the captain,captain,andres guardado
3JMNNNO3B2GO0MEN43GYZ1F2AQO2WC,who is the coach \?,gerardo martino is the head coach,coach,gerardo martino
3GVPRXWRPI6DLSROLYTEU1N13MSI7U,who is the current coach for ac milan \?,gennaro gattuso,coach,gennaro gattuso
3B9J25CZ26P8RNPGHRV3EPL3G45CSG,what is liverpool 's uniform colors \?,they play in red,jersey color,red
3B9J25CZ26P8RNPGHRV3EPL3G45CSG,how many goals did he score \?,48 goals so far,goals,48
3B9J25CZ26P8RNPGHRV3EPL3G45CSG,who is liverpool 's manager this year \?,jurgen klopp,coach,jurgen klopp
3LB1BGHFL38M9Q302JIILL98LB0TYT,do you know the name of the goalkeeper \?,marc andre ter stegen,has player,marc-andre ter stegen
3VGET1QSZ1BVMNBTAFXTVSW9K7E7W0,when was the ac milan soccer team established \?,1899,founded on,1899
3D5G8J4N5BG55W8VX8VYEM5E3UYVTM,what is their jersey color \?,black and white,jersey color,black and white
38LRF35D5M80T0L1D3F20NZWUPFU3H,who coaches arsenal \?,unai emery is the coach now,coach,unai emery
33BFF6QPI2NDL4A683U3IBKUG4O3WO,who is the goalkeeper for colombia \?,david ospina is the goalkeeper for colambia,goalkeeper,david ospina
3ZLW647WAM7R9OCZUJ5WU444BYX238,who is the current manager of chelsea \?,maurizio sarri,coach,maurizio sarri
3AFT28WXLGEK6YJN2KAG5N9XWKLOIW,who is the coach of liverpool \?,jurgen klopp,coach,jurgen klopp
3I6NF2WGIH8K2X7A7HEEB5WQ0CP5GH,how many goals ronaldo score for juventus \?,so far he has scored 19 goals,goals,19
3RBI0I35XFFHA956N4CR3859QDQY3J,who is the actual mu head coach \?,the head coach is jose mourinho,coach,jose mourinho
39WICJI5AU4HFZFBJQEAHFEBW7UZ3B,are brazil the country with the most world cup wins \?,"yes , 5 wins",number of world cup champion,5
39WICJI5AU4HFZFBJQEAHFEBW7UZ3B,which year is the most recent win for brazil in the world cup \?,brazil last won the world cup in 2002 beating germany 2 0,world cup champions,2002
3I7KR83SNBP856550YCALDTKSQRK9R,what is the color of the uniform of bayer munich \?,all red,jersey color,red
3ZRKL6Z1E9FL8Z5LJDRM4G6IEWXGSU,do you know what position he plays in \?,he is a midfielder,position,midfielder
3EQVJH0T41X0NVDBSJEUZLE4UGRHTL,how many goals has cavani scored for psg \?,cavani a uruguayan forward has scored for the paris pg so far 7 goals,caps,7
378G7J1SJMAGV2Q3XNBZ12OR7TEEWQ,who was their captain in wc \?,andres guardado,captain,andres guardado
3PUOXASB58F3U14R0ZFK8SHXWZ5Z9T,who is croatia 's head coach \?,zlatko dalic,coach,zlatko dalic
36818Z1KV4PGER737YYB0MN2NMPA3N,what color is paris sg 's uniforms \?,red and blue,jersey color,blue
3XDJY5RK5TXLBW45DHKLASR28PD4UE,how many times have they won the world cup \?,a cattle 4 times the world cup,number of world cup champion,4
3XDJY5RK5TXLBW45DHKLASR28PD4UE,when was the last time germany won the world cup \?,it was 2014 in brazil,world cup champions,2014
3HEA4ZVWVEYMM0IQQLVN785094F552,what color is bayern munich 's jersey \?,red is their primary color,jersey color,red
38B7Q9C28HH16RKGYUI9BUO2RV7698,who are the captain \?,giorgio chiellini,captain,giorgio chiellini
3QTFNPMJC7UOJ38L19YPQTCI2NIZNP,who is bayern munich 's manager this year \?,bayern munich 's manager this year is niko kovac,coach,niko kovac
3QTFNPMJC7UOJ38L19YPQTCI2NIZNP,who is the current manager of bayern munich \?,niko kovac is the bayern manager,coach,niko kovac
3QGTX7BCHQEKTE2FX923WCCVA3N5Z9,who is the manager of ac milan \?,gennaro gattuso is the manager of ac milan,coach,gennaro gattuso
3QGTX7BCHQEKTE2FX923WCCVA3N5Z9,ac milan flag what is color \?,the ac milan colors are black and red,jersey color,black and red
38RHULDV9ZRSB7SPT61QMHMIYNNWII,what color are juventus' jerseys \?,juventus has black and white jersey,jersey color,black and white
3D5G8J4N5BG55W8VX8VYEM5D2V1VTO,who is one of their midfielders \?,luka modric,midfielder,luka modric
33QQ60S6ATU4C8M4UGXJYP1QSCSU0K,who is the new manager of the arsenal \?,unai emery,coach,unai emery
382GHPVPHT31C2RMYXOKNJ12VCT436,when the last time germany became the world champion,it was in 2014,world cup champions,2014
30EV7DWJTW7G7SSO66APABHU13Q6YW,who is their current manager \?,fernando santos,coach,fernando santos
3VDVA3ILIERLEF6R6UC28FJ9OWK1GV,who is the captain of uruguay \?,diego godin,captain,diego godin
3VDVA3ILIERLEF6R6UC28FJ9OWK1GV,who is their captain \?,diego godin is the captain,captain,diego godin
3CKVGCS3PHHOXVU05B2JJOJ27F80SB,who is the captain of france \?,hugo lloris is the current captain,captain,hugo lloris
3CKVGCS3PHHOXVU05B2JJOJ27F80SB,what is his position \?,he is the goalkeeper,position,goalkeeper
3PA41K45VOG52EESYTJY3YODRA9P7L,what 's bayern munich 's ground called,the allianz arena is the stadium of the munich i think they should buy new and young players,ground,allianz arena
3PA41K45VOG52EESYTJY3YODRA9P7L,what is the stadium capacity \?,"trained for 75 , 000 people",capacity,"75,000"
3J6BHNX0UA4TU89Z18VF3EO4XFAKNS,bayern munich flag what is color \?,"their flag is red on top , white on bottom",jersey color,red
31D0ZWOD0BBKXZ86OBGSYOPWL910AF,when did italy win their 1st world cup \?,1934,world cup champions,1934
31D0ZWOD0BBKXZ86OBGSYOPWL910AF,who is the coach for italy \?,roberto mancini,coach,roberto mancini
31D0ZWOD0BBKXZ86OBGSYOPWL910AF,when did they last win \?,in 2006,world cup champions,2006
3P520RYKCII37F85RM3VFKXG8L7U58,who is paris sg 's coach \?,thomas tuchel,coach,thomas tuchel
3ZTE0JGGCF4TTVXNAAEUUKB1IG5OCX,question what year was ac milan founded in \?,ac milan was founded in the year 1899,founded on,1899
3B9J25CZ26P8RNPGHRV3EPL2F57CSH,who is the captain \?,the captain is hugo lloris,captain,hugo lloris
3B9J25CZ26P8RNPGHRV3EPL2F57CSH,how many caps does he have \?,he has played in 110 matches,caps,110
3B9J25CZ26P8RNPGHRV3EPL2F57CSH,who is france 's goalkeeper \?,hugo lloris usually plays in goal for them,goalkeeper,hugo lloris
3K1H3NEY7MBF6AM3MNWX9HKHCURDG0,who is the manager of manchester united \?,jose mourinho,coach,jose mourinho
3ACRLU860OQO7ZSS2WF3EOB5WT0BEA,how many times have they won the world cup \?,i currently think france has won 2 times the world cup,number of world cup champion,2
39I4RL8QGKTG6AYLDIDMRD2CEHB4HD,who is the keeper coach for fc porto \?,sergio conceicao is their current coach right now,coach,sergio conceicao
38O9DZ0A63ZQ67ZHDL3U17GOLPX62G,have uruguay ever won the world cup \?,they have won 2 times,number of world cup champion,2
3FJ2RVH250IDOQ1FBS66LH7QBQ592U,what position does he play \?,he plays as a midfielder,position,midfielder
3SZYX62S5HC194W9EEAK5SJX19675G,who is the current coach of paris sg \?,thomas tuchel coaches paris sg,coach,thomas tuchel
3VQTAXTYN4X5WVPESWU8I6X8IHUBUR,when did uruguay last win a world cup \?,uruguay won its last world cup in 1950,world cup champions,1950
3M4KL7H8KWZJHMHLUH3GWO6JTJJ16U,where is chelsea 's ground \?,stamford bridge,ground,stamford bridge
3VMV5CHJZ9RMNZI08DWCEL24GFATGV,who is the manager of paris sg \?,thomas tuchel,coach,thomas tuchel
3X52SWXE0YH1Y46P1W54BEONLI4WCH,did you rember if belgium was in the last workd cup \?,"yes belgium 's best finish in the world cup is third , at the russia 2018 tournament",world cup third place,2018
3DWGDA5POGG4WCWMVPBO8GMIACB1VM,who is the striker for mexico \?,javier hernandez,forward,javier hernandez
39O6Z4JLX39CMDHF2IWV3PQKGQMVX5,who is bvb dortmund 's manager \?,lucien favre is the bvb dortmund 's manager,coach,lucien favre
3OLZC0DJ8KRFWISK3WWU0F34REMVI8,have they ever won a world cup \?,if france won the world cup in 1934,world cup champions,1934
3IQ9O0AYW7B0JQOVY1WFZXFJUT6TIQ,who else plays for argentina \?,"in the argentine selection players like dybala , di maria among other players play",midfielder,angel di maria
38B7Q9C28HH16RKGYUI9BUO3SU5697,how many goals has marco reus scored \?,he scored 10 goals,goals,10
3BFNCI9LYL2YVP950VMRQVLCMEI73S,who are their top players \?,hernandez,has player,javier hernandez
3TY2U1TEB8M20YCW4P3B9S7A965JJO,what other players do you like \?,i also like that team but my favorite player is luis suarez,has player,luis suarez
3UL5XDRDNDV59I1SOJ2QJSFSCTC581,who is the goalkeeper for sweden \?,roben olsen is their current keeper,goalkeeper,robin olsen
3D1UCPY6GHL2V3EOA0EX4VH8YXL389,how many goals has shaquiri scored for switzerland \?,he has scored 22 goals,goals,22
3D1UCPY6GHL2V3EOA0EX4VH8YXL389,how many goals did he scored for liverpool \?,i think around 6 this season,goals,6
3MGHRFQY2M1LTH694HU81A73O03Y0M,what are the colors of atletico madrid \?,they play in red and white \?,jersey color,red and white
3MGHRFQY2M1LTH694HU81A73O03Y0M,can you tell which year they were founded on \?,they were founded on 1903,founded on,1903
3NFWQRSHVFQC4U0ZDTRNXHN2O77GFE,who is the coach for bayern munich \?,niko kovac,coach,niko kovac
356ZPKYPUITOHYATL29YGB8AV9IYPV,has the sweden football team made it to the world cup and if so what years \?,"yes, they have 12 world cup appearances",world cup appearance,12
3G57RS03HIHUN3Z382TP912PQTK52Y,what position does he play in \?,he is a defender,position,defender
3PKJ68EHDO869SH6GP0QXFRWXDXJHG,who is the coach for spain \?,luis enrique is spain 's new head coach,coach,luis enrique
3C8QQOM6JQDC0DGQPSUOD6520GLLIG,which position does he play currently \?,he 's their foward,position,forward
3MDWE879UIE7C31BULZHMAAU5WIB9Y,who is chelsea head coach this year \?,m sarri,coach,maurizio sarri
3DA79LNS5A7LTN6CDYPSVRDUBB83TZ,who is the current manager of ac milan \?,"ac milans current manager is former player , gennaro gattuso",coach,gennaro gattuso
3DTJ4WT8BERKPXV88AV606I9OVHZE0,what is the current goalkeeper of columbia \?,david ospina is the keeper,goalkeeper,david ospina
3XT3KXP240AUHSDJ2OOMONN6BKS6IQ,brazil wins world cup \?,"brazil has won the world cup 5 times , last time being 2002",number of world cup champion,5
3XT3KXP240AUHSDJ2OOMONN6BKS6IQ,how many goals did neymar score for brazil \?,he has scored 60 goals,goals,60
3PMR2DOWOPD4QHEQCGCD2GZM98K54X,what 's chelsea 's ground called,i believe it is stamford bridge,ground,stamford bridge
3FJ2RVH250IDOQ1FBS66LH7QBQ692V,who is the coach of bayern munich \?,niko kovac,coach,niko kovac
3B9XR6P1WF7WIFEKGXQUB4OX11WBJV,did you remember 1 player of iceland team \?,rurik gislason !,has player,rurik gislason
32CAVSKPCF14JX7MQZ1JCUKZW51U1P,who is icelands goalie,hannes thor halldorsson,goalkeeper,hannes thor halldorsson
38VTL6WC4BPKOOSA1N0KI53T49HY59,who is their coach \?,diego simeone,coach,diego simeone
3EKTG13IZVFYWW6HA7SG5ZCJHP4MLW,who is the captain of belgium \?,eden hazard,captain,eden hazard
3VMV5CHJZ9RMNZI08DWCEL23FEEGTH,how many times have spain won the world cup \?,"1 time , in 2010",number of world cup champion,1
3P888QFVX46XNW76FSFPEP0IMV5QO3,what 's athletico madrid 's manager called \?,diego simeone,coach,diego simeone
3ULIZ0H1VBHNYIH7PYTB4ISJXO815E,what is the name of the captain of colombia \?,radamel falcao,captain,radamel falcao
3UOMW19E6EI7LLR55VIVLEBA1L05C9,who are their current coach \?,sergio conceicao,coach,sergio conceicao
30F94FBDNSWQWIAPSR4YDAB702ITBE,who is the spanish national team captain \?,sergio ramos,captain,sergio ramos
35ZRNT9RUJA5GV14HH3T1H77C3TO30,what is the name of the captain of the mexican national team \?,andres guardado,captain,andres guardado
3BDORL6HKLPWQ8P322VYOFG6T3QRCA,who is their coach \?,lucian favre is dortmund 's coach,coach,lucien favre
31MBOZ6PAP3LNAUQXIY22378OAXCL2,who is the captain of brazil \?,neymar is the captain,captain,neymar[2]
3HRWUH63QVEQCPOWULR91P5MYFRN50,who iceland 's captain now \?,gunnarsson,captain,aron gunnarsson
3087LXLJ6NSFTQPEZR2KCP0MHQHF09,when was the last time germany won the fifa world cup \?,2014 \( the one before this year 's world cup \),world cup champions,2014
3KLL7H3EGEDF0NH0XEE9032PR16VHE,who is the colombian goalkeeper \?,david ospina,goalkeeper,david ospina
3XDJY5RK5TXLBW45DHKLASR39O8U40,how many goals has he scored \?,6 in a world cup,goals,6
3APP19WN72QGL17OC0OJ3BAPV84G6B,what is atletico madric colors,"they play in a blue , red and white strip",jersey color,red and white
3NZ1E5QA60DOBGZZRVM0AU5SHQD5BT,who is the captain of the portugal team \?,cristiano ronaldo,captain,cristiano ronaldo
306996CF6XWPNYYGQ8KO74SB7KU1BF,who 's belgium 's coach currently \?,roberto martinez is the coach,coach,roberto martinez
3JVP4ZJHDQ4Z3HR40Z85FMDEXIA0IM,who is the goal keeper for uraguay \?,fernando muslera is the current no 1 goalkeeper,goalkeeper,fernando muslera
3DA79LNS5A7LTN6CDYPSVRDUBB8T3P,how was atletico madrid founded \?,the club was founded on 26 april 1903 as athletic club de madrid by three basque students living in madrid,founded on,1903
31ANT7FQN9EY2T2LRNWWW58RFC25HG,who is the current manager of barcelona \?,ernesto valverde is the coach,coach,ernesto valverde
3TC2K6WK9HEDALI5600SLLCFRKO825,how many goals did lukaku have during the 2017 2018 season \?,16,caps,16
3XDSWAMB234WE7A3PN6YJP61XHMCQS,who is the head coach of iceland 's national club \?,erik hamren,coach,erik hamren
3PUOXASB58F3U14R0ZFK8SHXWZ4Z9S,who is spain 's goalkeeper \?,david de gea usually plays in goal for spain,goalkeeper,david de gea
3XT3KXP240AUHSDJ2OOMONN5ALU6IR,what is the capacity of their stadium \?,"they currently play at allianz arena , which holds 75 , 000 people",capacity,"75,000"
3LVTFB9DE6U9VJQ8R92H9GRHW8BQGE,how many world cups have italy won \?,"they 've won 4 2006 , 1982 , 1938 , and 1934",number of world cup champion,4
3LVTFB9DE6U9VJQ8R92H9GRHW8BQGE,who is their current team captain \?,gian luigi buffon,goalkeeper,gianluigi donnarumma
3UOMW19E6EI7LLR55VIVLEBB2KX5C7,what is bayern munichs new coach \?,they have a niko kovac,coach,niko kovac
3UEBBGULPG0V9C1UXYG41WOTXFKUFQ,is there a player that does particularly well \?,romelu lukaku,has player,romelu lukaku
3SZYX62S5HC194W9EEAK5SJW0A875H,what is position called for the person who protects the goal \?,the goalie,position,goalkeeper
3MA5N0ATTDNJH2IDT9M2ZX1VQRDWKU,what position does forlan play \?,forward or mid,position,forward
3MA5N0ATTDNJH2IDT9M2ZX1VQRDWKU,what position does forlan play \?,forward or mid,position,forward
3MA5N0ATTDNJH2IDT9M2ZX1VQRDWKU,what position does forlan play \?,forward or mid,position,forward
3MA5N0ATTDNJH2IDT9M2ZX1VQRDWKU,what position does forlan play \?,forward or mid,position,forward
3MA5N0ATTDNJH2IDT9M2ZX1VQRDWKU,what position does forlan play \?,forward or mid,position,forward
3ZG552ORANGBLXEIETB2DZWN2IQ2V5,when was the last time spain won a world cup \?,in 2010,world cup champions,2010
34R0BODSP2BMIJBJ1MOQB2BDMXCE5A,which iceland player made the goal \?,the goal was finnbogason,has player,alfred finnbogason
3KWGG5KP6KE5TSCBXUZH2GMXOFNCM4,do you like any players on atletico madrid \?,i like griezmann,has player,antoine griezmann
3E24UO25Q024DEOM0J1R8KJRMUVO66,who is the coach \?,oscar tabarez,coach,oscar tabarez
3H1C3QRA02V7H4KYGWBYP8HNEEZCEH,what are chelsea 's jersey colors \?,blue,jersey color,blue
371QPA24C30PJKSXQUB97YYXDRUT1X,who 's your favorite soccer player from argentina \?,my favorite soccer player from argentina is paulo dybala,has player,paulo dybala
3Q7TKIAPOUMVS204XETDM9PP8BDLDE,when was the last time italy became the world champion \?,2006,world cup champions,2006
3XJOUITW8V3D0OCEB91O8Z66M2JQTN,who is the manager of paris sg \?,thomas tuchel is the new manager of psg,coach,thomas tuchel
33KGGVH24VTW011HV4C6W1J3QNKX1M,who is ac milan 's manager currently \?,their current manager is named gennaro gattuso,coach,gennaro gattuso
36KM3FWE3SO2EXA8H848OXN6K1V07O,who is the current coach \?,didier deschamps is their coach,coach,didier deschamps
3X7837UUAEAQC3XPK69M0O25N0KJ6H,how many goals has messi scored for argentina \?,65 goals,goals,65
38DCH97KHIEJMLG9ZFNK6TJWN1WJQE,what colors are ac milan \?,black and red,jersey color,black and red
3PKJ68EHDO869SH6GP0QXFRVWE0JHI,who is the coach in the paris sg \?,thomas tuchel,coach,thomas tuchel
37NXA7GVSUIHMJ0QOZT7SVVW8IGLVC,who is their current manager \?,jose mourinho is currently their manager,coach,jose mourinho
3MZ3TAMYTMZN3BB3UCRKZIE2775RI8,who is the captain of colombia \?,radamel falcao,captain,radamel falcao
3DZKABX2ZJHOJF6KBM08PC59E91VC5,who is nigerian captain \?,the captain is john obi mikel,captain,john mikel obi
374UMBUHN6196N2V6R0TOUHPINITCL,who was their captain for that tournament \?,andreas granqvist was the captain of sweden in world cup 2018,captain,andreas granqvist
3DZKABX2ZJHOJF6KBM08PC59E91CVM,how many times did spain win the world cup \?,"spain have won the world cup once , in 2010",world cup champions,2010
3DZKABX2ZJHOJF6KBM08PC59E91CVM,who is spain 's coach now \?,"spain 's coach is luis enrique , a former barcelona coach",coach,luis enrique
3VGZ74AYTHS51IGPMR1MPB2ZRUEGC2,how many world cups have germany won \?,germany have won 4 world cups,number of world cup champion,4
3KI0JD2ZU2UXS8WNJXKPXYXWW5L76Z,what color is the ac milan jersey \?,black and red,jersey color,black and red
3VQTAXTYN4X5WVPESWU8I6X8IHTUB9,what 's bayern 's ground called,allianz arena,ground,allianz arena
3N3WJQXELT28PS2O0P9WQQYLBKNL24,who was the captain of the iceland in world cup 2018 \?,aron gunnarsson was their captain,captain,aron gunnarsson
3SBNLSTU6VHFXRH8CFKMUO0NNIJZD5,who is the goaltender for france \?,lloris is the keeper,goalkeeper,hugo lloris
3G4VVJO6P0STXTLCHN8773TZXUAKPN,what color is bvb dortmund 's uniforms \?,yellow and black are the uniform of dortmund,jersey color,yellow
3IJ95K7NDYOOSMDGBHA05MWBQWSGNG,who is the coach \?,emery is coach,coach,unai emery
3FCO4VKOZ5P15NP2PF3N9MP9D387EJ,what colors they play in \?,bvb dortmund colors are black and yellow,jersey color,yellow
3R6RZGK0XGO1MI7P7EIXM3XSHXJVYD,who is their coach now \?,bvb dortmund 's current coach is lucien favre,coach,lucien favre
3Y40HMYLL2UC9YSFXSMQ73O01KHXUL,who is the coach for iceland 's team \?,heimir hallgrimsson is the coach of iceland is very good coach,goalkeeper,hannes thor halldorsson
3HYV4299H18551ULZKVTNML4ONE8E7,who is you favorite swiss player \?,shaqiri,has player,xherdan shaqiri
3UUSLRKAUMFWDHB2TKS3347ODR7D7W,who is the goalkeeper of mexico,guillermo ochoa,goalkeeper,guillermo ochoa
3I7KR83SNBP856550YCALDTLTPP9KF,who is the coach \?,roberto mancini is the coach,coach,roberto mancini
3ODOP6T3ATWCRKV3UXAF49WBQXP42S,who is their goalkeeper \?,yann sommer is their goal keeper,goalkeeper,yann sommer
3QREJ3J43493686EPVF0QMKFSK8KLO,how many times in the history italy won world cup \?,"italy have won the world cup 4 times , in 2006 , 1982 , 1938 and 1934",number of world cup champion,4
3QD8LUVX4YAVOJ20WREIZRWL32L5X9,which colors are used in bvb dortmund logo \?,black and yellow,jersey color,yellow
3PIOQ99R7ZY7X4EBVMZH91X3053NUO,what is the name of belgiums manager \?,roberto martinez is the manager,coach,roberto martinez
306996CF6XWPNYYGQ8KO74SB7KU1BF,who 's belgium 's coach currently \\?,roberto martinez,coach,roberto martinez
32PT7WK7DNRECYAFR8PDQNV88PM3DI,what color are their uniforms \?,chelsea 's home kit is usually blue and white,jersey color,blue
3WYZV0QBFKPXDZJ9X15V2DWDDY7BXG,france win the wolrd cup \?,france is 2018 world cup champion,world cup champions,2018
3WYZV0QBFKPXDZJ9X15V2DWDDY7BXG,who was the captain of france in the wc \?,hugo lloris was the captain of france at the last world cup,captain,hugo lloris
3WYZV0QBFKPXDZJ9X15V2DWDDY7BXG,when was the last time they won a wc \?,france won an 2018 wc,world cup champions,2018
3BJKPTD2QDODCPREOOQODPGAHPORTR,coach name \?,roberto mancini,coach,roberto mancini
3AQN9REUTGSFS173GTI3GHRLHQFDYW,who is the manager of atletico madrid \?,diego simeone,coach,diego simeone
3RWO3EJELILRRSZQ9D2P2OX0OOA1P1,what position does ronaldo play \?,he 's a forward,position,forward
3MZ3TAMYTMZN3BB3UCRKZIE168ARIC,who is the goal keeper for sweden \?,the swedish goalkeeper is robin olsen,goalkeeper,robin olsen
344M16OZKJRQ88HP5MKC5JBZDIDNEA,who is chelsea 's manager \?,maurizio sarri is currently their manager,coach,maurizio sarri
37MQ8Z1JQF8SPR9NJ4YMKY0HKZQY28,do the players of fc porto wear the same boots or do they have individual ones \?,120 minutes worthy of the dragons in the locker room,has player,adrian lopez
36MUZ9VAE7EHMWQCGS699EZ60D8EDH,who is the captain of the juventus team \?,giorgio chiellini is the captain,captain,giorgio chellini
311HQEI8RTSZGIGYL2H0UWQR19H7ZP,who plays goalkeeper for uruguay \?,fernando muslera is the goalkeeper for uruguay,goalkeeper,fernando muslera
3FW4EL5A3M02O6GGQJRRBUZD6JT22U,how many goals did he score \?,50 goals,goals,50
3LVTFB9DE6U9VJQ8R92H9GRGV9GGQ8,who is the team coach,maurizio sarri was recently appointed their head coach,coach,maurizio sarri
3R6RZGK0XGO1MI7P7EIXM3XSHXKYVH,has spain ever won a world cup \?,"yes , in 2010",world cup champions,2010
3R6RZGK0XGO1MI7P7EIXM3XSHXKYVH,who are the captain in final \?,sergio ramos,captain,sergio ramos
38F60IALAHTPCV7FUB79TTFO9YM0T0,who is the current captain of italy \?,giorgio chiellini is the captain,captain,giorgio chiellini
38F60IALAHTPCV7FUB79TTFO9YM0T0,how many world cup titles has ital won \?,they have won 4,number of world cup champion,4
3PIOQ99R7ZY7X4EBVMZH91X2Z66UNX,how many goals ahmed musa scored in russia 2018 world cup \?,2,goals,2
3QX22DUVOPT1S1IBOBUMS8AM9M2VML,how many titles has uruguay won so far \?,"urugauy has won 2 world cup titles , one in 1930 and one in 1950",number of world cup champion,2
3QX22DUVOPT1S1IBOBUMS8AM9M2VML,who is currently thier goalkeeper \?,martin silva,has player,martin silva
3VCK0Q0PO6QRHI2VXFLXKU9VH7GN0F,what does fc portos home uniform look like \?,fc porto 's home uniform is blue and white stripes,home jersey,blue and white
371DNNCG45E7UKCIPFKOM8L6SWXT8F,who was argentina 's captain at the last world cup \?,lionel messi,captain,lionel messi
371DNNCG45E7UKCIPFKOM8L6SWXT8F,how many times has argentina won the world cup \?,2 times in 1978 and 1986 it 's been a while,number of world cup champion,2
3XDJY5RK5TXLBW45DHKLASR39O94UB,who is the captain of senegal \?,sadio mane is the captain of senegal is the best,captain,sadio mane
391FPZIE4DYFN8S0SO444H06DUXUHO,when was real madrid founded \?,1902,founded on,1902
3U74KRR67NXSXRZMVH9745B0GS1NT1,who is the coach for the swedish football team \?,janne andersson,coach,janne andersson
38EHZ67RIN4IA4SGZGV0S77BL8IGMK,whos bayerns current manager \?,niko kovac is their manager right now,coach,niko kovac
38RHULDV9ZRSB7SPT61QMHMIYNOWIJ,how many goals has lucas perez scored total for arsenal \?,"just 1 , i think",goals,1
3UXQ63NLABY2D52KJI27RJ1P5Q0BLW,what are the arsenal colors \?,the club colors are white and red,jersey color,white and red
3RKHNXPHGX86PYT8Y971H9GY5B2KUJ,which year was liverpool fc founded \?,liverpool was founded in 1892,founded on,1892
375VMB7D4KVT21SYCBW0UTXXR7HIDV,who coaches senegal \?,aliou cisse,coach,aliou cisse
378G7J1SJMAGV2Q3XNBZ12OQ6UHWEA,what is the name of switzerland 's coach \?,vladimir petkovic,coach,vladimir petkovic
3UL5XDRDNDV59I1SOJ2QJSFRBUF583,who is the coach for ac milan \?,gennaro gattuso,coach,gennaro gattuso
39HYCOOPKPXFYKIPXQUSMM4F9FZMDE,what position does messi play \?,he is a midfilder,position,midfielder
38Z7YZ2SB4ENRAW3HX2KUS4WAM7QI9,when did italy win the world cup \?,"they won four times , 1934 , 1938 , 1982 and 2006",world cup champions,2006
34F34TZU7XB2U2EOX4XJABLT7VJ2JK,who is the captain for argentina \?,lionel messi is the captain,captain,lionel messi
3W0XM68YZQ7QG12AWLXH67B1UE41K0,who is the coach for atletico madrid \?,diego simeone is atletico madrid 's coach,coach,diego simeone
3IH9TRB0FCBZA6CMWIC5TRWP39C1IN,when did brazil last win the world cup \?,brazil won world cup in 2002,world cup champions,2002
3E9VAUV7BXQHUU4RWJR1QGJGXMFYAD,who is the head coach \?,diego simeone,coach,diego simeone
3SSN80MU8D0Y62N33EIO1GF2ZTJXKO,who is the manager for ac milan \?,gennaro gattuso,coach,gennaro gattuso
3P458N04Q2T3PMJDE8CK1KT9JSTX2Z,who is the head coach of liverpool,jurgen klopp,coach,jurgen klopp
359AP8GAGHWM8P5OTOXSJYP6SRV7CQ,who is the owner of real madrid \?,mr florentino perez,chairman,florentino perez
3E9VAUV7BXQHUU4RWJR1QGJGXMFYAD,who is the owner of atl madrid \?,enrique cerezo,chairman,enrique cerezo
3CIS7GGG66V33Y1Y2NWYJE3TLE5UE8,who is the owner of fc porto \?,jorge nuno pinto da costa,chairman,jorge nuno pinto da costa
3NI0WFPPIASJAXW3YYZGIJNAPQB60V,name the owner of atletico madrid \?,enrique cerezo is a owner,chairman,enrique cerezo